window_size,n_windows,isolation_score,mean_cross_cri
10,12000,0.07724,0.02133222
20,6000,0.123374,0.03254397
50,2400,0.248883,0.060985
100,1200,0.450086,0.1201636
200,600,0.947279,0.22211803
500,240,1.288292,0.50976642
1000,120,1.858151,0.95389997
